{
    "items":[
        {
            "detail" : "./img/1_8801753110624.jpg",
            "name" : "연세)말차생크림빵",
            "price" : "3,400",
            "tag" : "./img/tag_new.png" 
        },
        {
            "detail" : "./img/1_8801771027539.jpg",
            "name" : "면)종가열무김치비빔국수",
            "price" : "5,000",
            "tag" : "./img/tag_new.png" 
        },
        {
            "detail" : "./img/1_8809367692772.jpg",
            "name" : "팔도한끼)해초비빔밥",
            "price" : "4,900",
            "tag" : "./img/tag_new.png" 
        },
        {
            "detail" : "./img/1_8809411843679.jpg",
            "name" : "이웃집)브라우니약과쿠키",
            "price" : "2,700",
            "tag" : "./img/tag_new.png" 
        },
        {
            "detail" : "./img/1_8809523623510.jpg",
            "name" : "참조은)약과타르트",
            "price" : "1,800",
            "tag" : "./img/tag_new.png" 
        },
        {
            "detail" : "./img/1_8809523623558.jpg",
            "name" : "참조은)수박롤케이크",
            "price" : "3,500",
            "tag" : "./img/tag_new.png" 
        },
        {
            "detail" : "./img/1_8809948340238.jpg",
            "name" : "쿠키런)자이언트로제쫄볶",
            "price" : "3,800",
            "tag" : "./img/tag_new.png" 
        },
        {
            "detail" : "./img/1_8809383958210.jpg",
            "name" : "김)상디의볼케이노김밥",
            "price" : "3,200",
            "tag" : "./img/tag_new.png" 
        },
        {
            "detail" : "./img/1_8801753110624.jpg",
            "name" : "연세)말차생크림빵",
            "price" : "3,400",
            "tag" : "./img/tag_new.png" 
        },
        {
            "detail" : "./img/1_8801753110624.jpg",
            "name" : "연세)말차생크림빵",
            "price" : "3,400",
            "tag" : "./img/tag_new.png" 
        },
        {
            "detail" : "./img/1_8801753110624.jpg",
            "name" : "연세)말차생크림빵",
            "price" : "3,400",
            "tag" : "./img/tag_new.png" 
        },
        {
            "detail" : "./img/1_8801753110624.jpg",
            "name" : "연세)말차생크림빵",
            "price" : "3,400",
            "tag" : "./img/tag_new.png" 
        },
        {
            "detail" : "./img/1_8801753110624.jpg",
            "name" : "연세)말차생크림빵",
            "price" : "3,400",
            "tag" : "./img/tag_new.png" 
        },
        {
            "detail" : "./img/1_8801771027539.jpg",
            "name" : "면)종가열무김치비빔국수",
            "price" : "5,000",
            "tag" : "./img/tag_new.png" 
        },
        {
            "detail" : "./img/1_8809367692772.jpg",
            "name" : "팔도한끼)해초비빔밥",
            "price" : "4,900",
            "tag" : "./img/tag_new.png" 
        },
        {
            "detail" : "./img/1_8809411843679.jpg",
            "name" : "이웃집)브라우니약과쿠키",
            "price" : "2,700",
            "tag" : "./img/tag_new.png" 
        },
        {
            "detail" : "./img/1_8809523623510.jpg",
            "name" : "참조은)약과타르트",
            "price" : "1,800",
            "tag" : "./img/tag_new.png" 
        },
        {
            "detail" : "./img/1_8809523623558.jpg",
            "name" : "참조은)수박롤케이크",
            "price" : "3,500",
            "tag" : "./img/tag_new.png" 
        },
        {
            "detail" : "./img/1_8809948340238.jpg",
            "name" : "쿠키런)자이언트로제쫄볶",
            "price" : "3,800",
            "tag" : "./img/tag_new.png" 
        },
        {
            "detail" : "./img/1_8809383958210.jpg",
            "name" : "김)상디의볼케이노김밥",
            "price" : "3,200",
            "tag" : "./img/tag_new.png" 
        },
        {
            "detail" : "./img/1_8801753110624.jpg",
            "name" : "연세)말차생크림빵",
            "price" : "3,400",
            "tag" : "./img/tag_new.png" 
        },
        {
            "detail" : "./img/1_8801753110624.jpg",
            "name" : "연세)말차생크림빵",
            "price" : "3,400",
            "tag" : "./img/tag_new.png" 
        },
        {
            "detail" : "./img/1_8801753110624.jpg",
            "name" : "연세)말차생크림빵",
            "price" : "3,400",
            "tag" : "./img/tag_new.png" 
        },
        {
            "detail" : "./img/1_8801753110624.jpg",
            "name" : "연세)말차생크림빵",
            "price" : "3,400",
            "tag" : "./img/tag_new.png" 
        }
    ]
}