{
    "items":[
        {
            "detail" : "./img2_now/508EB72C3FA1454CB3F08CEA38327049.jpg",
            "name" : "도너츠)백앙금베터도넛",
            "price" : "1,200",
            "tag" : "" 
        },
        {
            "detail" : "./img2_now/508EB72C3FA1454CB3F08CEA38327049.jpg",
            "name" : "도너츠)백앙금베터도넛",
            "price" : "1,200",
            "tag" : "" 
        },
        {
            "detail" : "./img2_now/508EB72C3FA1454CB3F08CEA38327049.jpg",
            "name" : "도너츠)백앙금베터도넛",
            "price" : "1,200",
            "tag" : "" 
        },
        {
            "detail" : "./img2_now/508EB72C3FA1454CB3F08CEA38327049.jpg",
            "name" : "도너츠)백앙금베터도넛",
            "price" : "1,200",
            "tag" : "" 
        },
        {
            "detail" : "./img2_now/508EB72C3FA1454CB3F08CEA38327049.jpg",
            "name" : "도너츠)백앙금베터도넛",
            "price" : "1,200",
            "tag" : "" 
        },
        {
            "detail" : "./img2_now/508EB72C3FA1454CB3F08CEA38327049.jpg",
            "name" : "도너츠)백앙금베터도넛",
            "price" : "1,200",
            "tag" : "" 
        },
        {
            "detail" : "./img2_now/508EB72C3FA1454CB3F08CEA38327049.jpg",
            "name" : "도너츠)백앙금베터도넛",
            "price" : "1,200",
            "tag" : "" 
        },
        {
            "detail" : "./img2_now/508EB72C3FA1454CB3F08CEA38327049.jpg",
            "name" : "도너츠)백앙금베터도넛",
            "price" : "1,200",
            "tag" : "" 
        }

    ]
}